<?xml version="1.0" encoding="UTF-8"?>
<project-private xmlns="http://www.netbeans.org/ns/project-private/1">
    <editor-bookmarks xmlns="http://www.netbeans.org/ns/editor-bookmarks/2" lastBookmarkId="0"/>
    <open-files xmlns="http://www.netbeans.org/ns/projectui-open-files/2">
        <group>
            <file>file:/D:/ITI/java/Project/ToDo_Client/src/controller/RegesterRequest.java</file>
            <file>file:/D:/ITI/java/Project/ToDo_Client/src/controller/Sign_In_Controller.java</file>
            <file>file:/D:/ITI/java/Project/ToDo_Client/src/Entity/User.java</file>
        </group>
    </open-files>
</project-private>
